 Basic Combat Training Center of Excellence,
ADA School,ADA School
Aeronautical Services Agency,
Air Defense School,
ARCIC,ARCIC
Army Management Staff College,
Asymmetric Warfare Group,AWG
Aviation Center of Excellence,ACOE
CAC,CAC
Chaplin Center and School - University of Military Ministry,
Combined Arms Support Command - The Sustainment Center of Excellence,CASCOM
Command Chaplains Office,
Command Engagement Team,
Command Group Actions Office,
Congressional Activities Office,
Executive Services Office,
Fires Center of Excellence,FCOE
FORSCOM/TRADOC Liaison Office to the Pentagon,
G-1/4,G-1/4
G-2,G-2
G-3/5/7,G-3/5/7
G-6,G-6
G-8,G-8
IMT,IMT
Inspector General,
Internal Review and Audit Compliance,
Judge Advocate General School,
Maneuver Center of Excellence,MCOE
Office of the TRADOC Chief Knowledge Officer,OCKO
Public Affairs Office,PAO
Quality Assurance Office,QAO
School of Music,
Sergeants Major Academy,
Signal Center of Excellence,SCOE
Soldier Support Institute,
STB,STB
TRADOC Analysis Center,
Warrant Officer Career College,
